id;fname;lname;dob
1;Gregorio;Ferrand;1944-06-27
2;Guglielmo;Maltby;1986-03-22
3;Rodrigo;Sinclar;2004-08-17
4;Perren;Astall;1906-02-23
5;Carmelle;Moggie;2008-07-09
6;Emelyne;Cotterell;1920-12-26
7;Katie;Lismore;1990-10-28
8;Nissy;Itzig;1965-12-25
9;Gary;McGuffog;1995-05-31
10;Adrianne;Mallord;1951-02-12
11;Cly;Brandenberg;1959-10-18
12;Dagny;Meaden;1989-12-30
13;Byran;Case;1925-02-15
14;Rolando;Aberhart;1998-12-17
15;Ramon;Ness;1953-03-25
16;Kory;Ellerker;1990-08-15
17;Nissy;Glanville;1978-08-21
18;Adele;Itzak;1900-08-29
19;Christos;Ubach;2016-02-23
20;Aldrich;Conroy;1925-08-24
21;Lilith;Bulford;1971-02-24
22;Jory;Gollin;1914-04-23
23;Egor;Harry;1934-05-28
24;Ivett;Halbard;2006-10-06
25;Reta;Scutchings;1915-12-11
26;Tilda;Burfield;1925-11-11
27;Emmott;Petkov;2003-08-30
28;Salome;Daunay;1944-04-13
29;Georgette;Robelet;1978-12-09
30;Ronna;Bevis;1939-09-04
31;Dennis;Lampen;1935-06-18
32;Hobie;Cato;1951-11-01
33;Max;Mattisson;1916-09-14
34;Ragnar;Stoke;2009-08-08
35;Lyda;Hemshall;1920-08-26
36;Fianna;Leimster;1996-08-04
37;Giffard;Wadie;1929-12-24
38;Abelard;McNirlan;1936-09-15
39;Malorie;Grigsby;2016-05-30
40;Audie;Gidden;1914-01-11
41;Estevan;Ranyard;1977-08-23
42;Jessamyn;Ladbrooke;2000-12-09
43;Kev;Lexa;1974-06-03
44;Beatriz;Ackenson;1999-07-17
45;Skipper;Stonner;1962-04-05
46;Darb;Seacombe;1998-03-29
47;Lindsey;Hannaby;1982-09-22
48;Theodosia;Cluney;2019-05-23
49;Katherina;Kingsford;1957-08-10
50;Lizzy;Lagne;1960-07-09
51;Leticia;Chasemoore;1918-12-28
52;Franzen;Sifleet;1905-02-28
53;Garvin;David;1933-06-17
54;Julie;Popple;2011-03-26
55;Emmalynn;Paireman;1924-08-22
56;Shaylah;Kamen;1996-07-09
57;Jarib;Pendle;1926-12-02
58;Marylynne;Marini;1920-01-05
59;Mariette;Bachelor;1905-06-05
60;Tammie;Wenger;2019-05-11
61;Louis;MacKean;1949-01-30
62;Mattie;Sangar;1984-03-29
63;Engracia;Grasner;1972-06-08
64;Coraline;Bedrosian;1994-04-28
65;Agace;Smidmor;1950-08-17
66;Kevin;Ebi;1938-04-16
67;Farleigh;Gauntley;1949-12-05
68;Feodora;Yearron;1959-10-08
69;Bess;Froude;1937-07-10
70;Elayne;Scamadin;1943-09-02
71;Di;Leman;1917-08-03
72;Ashien;Marklin;1946-03-27
73;Anallise;Powell;1967-12-07
74;Bone;Calam;1926-10-05
75;Ariel;Brandom;1949-03-01
76;Vittorio;Kenningham;1982-08-29
77;Joyous;Cana;1911-07-25
78;Becca;Woodeson;1938-12-26
79;Gilli;Print;2002-10-14
80;Valene;Bockmann;2003-05-08
81;Gipsy;Bedbrough;1965-11-29
82;Hoyt;Courcey;1933-04-20
83;Lionel;Withur;2015-09-17
84;Luis;Feron;1904-03-15
85;Tuck;Ferrar;1953-07-22
86;Cele;Povey;1908-12-03
87;Joaquin;Peacey;1957-02-01
88;Lily;Jeary;1907-12-09
89;Bertha;Aldersley;1953-07-21
90;Dyan;McCallum;1960-06-15
91;Kyrstin;Pascoe;1967-06-01
92;Edin;Tayt;1932-09-03
93;Hilda;Whoston;1927-12-15
94;Aurea;McAlister;1921-01-06
95;Deina;Pomfrett;1907-06-07
96;Ilise;Kilfedder;1981-07-06
97;Tedd;Eschalotte;1963-12-05
98;Concettina;Tredget;1985-12-25
99;Sallie;Fishly;1939-05-11
100;Brandtr;Heineken;1939-08-13
